bangou,setsu,kashi
4,1,"よろずのくにびと
わが主にむかいて
こころのかぎりに
よろこびたたえよ"
4,2,"主こそはかみなれ
主はわがかいぬし
われらはその民
みまきのひつじぞ"
4,3,"もろごえあわせて
大御名ほめつつ
みかどに入りゆき
みまえに近づかん"
4,4,"めぐみはゆたかに
あわれみつきせず
こよなきまことは
ときわにかわらじ
　　　　
　　　　アーメン"
6,1,"われら主をたたえまし
きよき御名あがめばや
くる日ごとほめうたわん
神にまし王にます
主のみいつたぐいなし"
6,2,"世は世へとうたいつぎ
よろこびとおそれもて
主のくしきわざをつげ
いつくしみ知れるもの
みさかえをほめたたう"
6,3,"みめぐみはかぎりなく
主にたよる子らにあり
みいかりをしのびつつ
あわれみをたれたもう
主を愛し、主につかえん

　　　　　　　アーメン"
7,1,"主のみいつとみさかえとを
こえのかぎりたたえて
またき愛とひくきこころ
御座（みざ）にそなえひれふす"
7,2,"ゆだねまつるわが重荷を
主はかわりて負いたもう
なやみおおき世の旅路も
主のいませばやすけし"
7,3,"よろこびもて御前(みまえ)にいでん
まずしき身のささぐる
愛とまこと主は嘉(よ)みして
みくらちかく召(め)したもう"
7,4,"闇(やみ)をかえてひかりとなす
なぐさめぬしとうとし
のぞみは湧(わ)き、おそれは消え
み民(たみ)のさちつきせじ

　　　　　　　　　　アーメン"
9,1,"ちからの主を　ほめたたえまつれ
わがこころよ　今しも目さめて
たてごと　　　かきならしつつ
御名をほめまつれ"
9,2,"すくいの主を　ほめたたえまつれ
みことばもて　わが身をはげまし
なやみに　　　かたしめたもう
みいつたぐいなし"
9,3,"いのちの主を　ほめたたえまつれ
しげきめぐみ　あめとふりそそぐ
つきせぬ　　　みいつくしみを
いかでわするべき"
9,4,"さかえの主を　ほめたたえまつれ
世をこぞりて　かしこみあがめよ
ひかりに　　　いますわが主を
とわにほめまつれ

　　　　　　　　　　　アーメン"
62,1,"主イエスのみいつと　みめぐみとを
ことばのかぎりに　　たたえまほし"
62,2,"とうときわが主よ　たかき御名(みな)を
ひろむるこの身を　たすけたまえ"
62,3,"うれいをなぐさめ　おそれを去る
み名をばつみびと　聞くうれしさ"
62,4,"くらきのちからを　イェスはくだき
血をもてあがない　すくいたもう"
62,5,"死にたるこころも　活きかえらせ
のぞみをあたうる　み名をたたえん

　　　　　　　　　　アーメン"
66,1,"聖なる　聖なる　聖なるかな
三つにいまして　一つなる
神の御名をば　　あさまだき
おきいでてこそ　ほめまつれ"
66,2,"聖なる　聖なる　聖なるかな
神のみまえに　　聖徒らも
かむりをすてて　ふしおがみ
みつかいたちも　み名をほむ"
66,3,"聖なる　聖なる　聖なるかな
罪ある目には　　見えねども
みいつくしみの　満ちたれる
神のさかえぞ　　たぐいなき"
66,4,"聖なる　聖なる　聖なるかな
み手のわざなる　ものみなは
三つにいまして　一つなる
神の大御名　　　ほめまつらん

　　　　　　　　　　アーメン"
79,1,"ほめたたえよ　造り主を
きよきみまえにひれ伏し
ささげまつれ　
身をも（たま）をも
たぐいなき
御（みな）をあがめて"
79,2,"くすしきかな、神の力
荒ぶる波を静めて
あやうきより御民(みたみ)を守り
この世の悩みに勝たしむ"
79,3,"恵みの神、栄えの主を
もろ声あげてたたえよ
強き手もて導き給う
主み
み御栄え尽きざ
　　　　　　　　　　　　"
90,1,"ここも神の　　　　みくになれば　
あめつちみうたを　うたいかわし　
岩にきぎに　　　　空に海に　
たえなるみわざぞ　あらわれたる"
90,2,"ここも神の　　　　みくになれば　
鳥の音花の香　　　主をばたたえ　
あさ日ゆう日　　　はえにはえて　
そよふく風さえ　　神をかたる"
90,3,"ここもかみの　　　みくになれば
よこしましばしは　時をうとも
主のみむねの　　　ややになりて
あめつちついには　一つとならん
　　　　　　　　　　　
　　　　　　　　　　　アーメン"
103,1,"牧人ひつじを　　守れるその宵
たえなるみ歌は　天よりひびきぬ
喜びたたえよ　　主イエスは生れぬ"
103,2,"仰げばみ空に　きらめく明星
夜昼さやかに　輝きわたれり
喜びたたえよ　主イエスは生れぬ"
103,3,"その星しるべに　みたりの博士ら
メシヤを尋ねて　はるばる旅しぬ
喜びたたえよ　　主イエスは生れぬ"
103,4,"くすしき光の　　導くまにまに
博士はまぶねの　主イエスに見えぬ
喜びたたえよ　　主イエスは生れぬ"
106,1,"あら野のはてに　夕日は落ちて
たえなるしらべ　天よりひびく
グロリヤ　インエクセルシスデオ
グロリヤ　インエクセルシスデオ"
106,2,"ひつじをまもる　野べのまきびと
あめなるうたを　よろこびききぬ
グロリヤ　インエクセルシスデオ
グロリヤ　インエクセルシスデオ"
106,3,"みうたをききて　ひつじかいらは
まぶねにふせる　み子をおがみぬ
グロリヤ　インエクセルシスデオ
グロリヤ　インエクセルシスデオ"
106,4,"今日しも御子は　うまれたまいぬ
よろずの民よ　　いさみてうたえ
グロリヤ　インエクセルシスデオ
グロリヤ　インエクセルシスデオ
　
　　　　　　　　　　　アーメン"
109,1,"きよしこのよる　星はひかり
すくいのみ子は　まぶねの中に
ねむりたもう　　いとやすく"
109,2,"きよしこのよる　み告げうけし
まきびとたちは　み子の御前に
ぬかずきぬ　　　かしこみて"
109,3,"きよしこのよる　み子の笑みに
めぐみのみ代の　あしたのひかり
かがやけり　　　ほがらかに"
112,1,"諸人(もろびと)こぞりて　迎えまつれ
久しく待ちにし
主は来ませり　主はきませり
主は、主はきませり"
112,2,"悪魔のひとやを　うちくだきて
捕虜(とりこ)を放つと 
主はきませり　主はきませり
主は、主はきませり"
112,3,"この世の闇路を　照らしたもう
たえなる光の
主はきませり　主はきませり
主は、主はきませり"
112,4,"しぼめる心の　花を咲かせ
めぐみの露おく　
主はきませり　主はきませり
主は、主はきませり"
112,5,"平和のきみなる　み子をむかえ
すくいのぬしとぞ
ほめたたえよ　ほめたたえよ
ほめ、ほめたたえよ
　　　　　　
　　　　　　　　　アーメン"
121,1,"馬槽(まぶね)の中に　産声(うぶごえ)あげ
木工(たくみ)の家に　人となりて
貧しき憂い　生くる悩み
つぶさになめし　この人を見よ"
121,2,"食する暇も　うち忘れて
虐(しいた)げられし　人を訪ね
友なき者の　友となりて
心砕きし　この人を見よ"
121,3,"すべての物を　与えし末
死のほか何も　報いられで
十字架の上に　上げられつつ
敵を許しし　この人を見よ
　　　　　　　　アーメン"
136,1,"血しおしたたる　主のみかしら
とげにさされし　主のみかしら
なやみとはじに　やつれし主を
われはかしこみ　きみとあおぐ"
136,2,"主のくるしみは　わがためなり
われは死ぬべき　つみびとなり
かかるわが身に　かわりましし
主のみこころは　いとかしこし"
136,3,"なつかしき主よ　はかり知れぬ
十字架の愛に　　いかに応えん
この身とたまを　とこしえまで
わが主のものと　なさせたまえ"
136,4,"主よ主のもとに　かえる日まで
十字架のかげに　立たせたまえ
み顔をあおぎ　　み手によらば
いまわのいきも　安けくあらん
　　　　　　　　　　アーメン"
148,1,"すくいのぬしは　 ハレルヤ
よみがえりたもう ハレルヤ
かちどきあげて　 ハレルヤ
み名をたたえよ　 ハレルヤ"
148,2,"十字架をしのび　 ハレルヤ
死にて死にかち　 ハレルヤ
生きていのちを　 ハレルヤ
ひとにぞたまう　 ハレルヤ"
148,3,"主の死によりて　 ハレルヤ
すくいはなりぬ　 ハレルヤ
あまつつかいと　 ハレルヤ
ともにぞうたわん ハレルヤ
　　　　　　　　　アーメン"
162,1,"あまつみつかいよ　イエスの御名の
ちからをあおぎて　主とあがめよ
ちからをあおぎて　主とあがめよ"
162,2,"いのちをささげし　あかしびとよ
ダビデのみすえを　主とあがめよ
ダビデのみすえを　主とあがめよ"
162,3,"世のつみびとらよ　イエスの愛と
なやみをおもいて　主とあがめよ
なやみをおもいて　主とあがめよ"
162,4,"よろずのくにびと　みまえに伏し
みいつをあおぎて　主とあがめよ
みいつをあおぎて　主とあがめよ"
162,5,"とわに世をしらす　イエス君にぞ
かむりをささげて　主とあがめよ
かむりをささげて　主とあがめよ

　　　　　　　　　　　アーメン"
166,1,"イエス君は　いとうるわし
あめつちの主なる
神の御子　　人の子を
なににかはたとえん"
166,2,"春のあさ　露ににおう
花よりうつくし
秋の夜　　空にすむ
月よりさやけし"
166,3,"夏のゆう　青葉わたる
風よりかぐわし
冬の日に　ふりつもる
雪よりきよけし"
166,4,"イエス君は　いとうるわし
あめつちの主こそ
わがさかえ　わがかむり
わが喜びなれ
　　　　　　　アーメン"
201,1,"キリスト･イエスを　もといとして
うちたてられし　みきょうかいは
きみが血をもて　かいたまいし
はなよめたちの　あつまりなり"
201,2,"ことばにいろに　ちがいあれど
みたみのおがむ　主ひとりなり
ひとつにうまれ　ひとつにのび
ひとつにしょくし　ひとつに生く"
201,3,"主のきょうかいは　こころみうけ
あらそいにあい　　なみだすとも
そのまぼろしを　　主はよみして
ついにしょうりを　あたえたまわん"
201,4,"この世とあめに　　わかれすめど
みたみはきよき　　かみにありて
ともにまじわり　　ともにまてり
キリスト･イエスの　きたる日をば"
239,1,"さまよう人々　　　たちかえりて
あめなる御国の　　父を見よや
つみとが悔やめる　心こそは
父より与うる　　　たまものなれ"
239,2,"さまよう人々　　　たちかえりて
父なる御神の　　　御前にゆき
まことの悔いをば　いいあらわせ
世人は知らねど　　知りたまえり"
239,3,"さまよう人々　　　　たちかえりて
主イェスのみもとに　とくひれ伏せ
わが主はあわれみ　　御手をのべて
こぼるる涙を　　　　ぬぐいいたまわん"
239,4,"さまよう人々　　　　たちかえりて
十字架の上なる　　　イェスを見よや
血潮のしたたる　　　御手をひろげ
生命をうけよと　　　招きたもう
　　　　　　　　　　　　
　　　　　　　　　　　　　アーメン"
280,1,"わが身ののぞみは　　ただ主にかかれり
主イエスの外には　　よるべきかたなし
わがきみイエスこそ　すくいの岩なれ
すくいの岩なれ"
280,2,"風いとはげしく　　　なみ立つ闇夜も
みもとにいかりを　　おろして安らわん
わがきみイエスこそ　すくいの岩なれ
すくいの岩なれ"
280,3,"この世ののぞみの　　消えゆくときにも
こころはうごかじ　　みちかいたのめば
わがきみイエスこそ　すくいの岩なれ
すくいの岩なれ"
280,4,"見ぬ世にうつりて　　まみゆるそのとき
主の義をまといて　　みまえに立たまし
わがきみイエスこそ　すくいの岩なれ
すくいの岩なれ
　　　　　　　　　アーメン"
285,1,"主よ、み手もて ひかせたまえ
ただわが主の　 道をあゆまん
いかに暗く     けわしくとも
みむねならば　 われいとわじ"
285,2,"ちからたのみ　 知恵にまかせ
われと道を　　 えらびとらじ
ゆくてはただ　 主のまにまに
ゆだねまつり　 正しくゆかん"
285,3,"主よ、飲むべき　わがさかずき
えらびとりて　　さずけたまえ
よろこびをも　　かなしみをも
みたしたもう　　ままにぞ受けん"
285,4,"この世を主に、 ささげまつり
神の国と　     なすためには
せめもはじも　 死もほろびも
何かはあらん　 主にまかせて

　　　　　　　　　アーメン"
288,1,"たえなるみちしるべの　ひかりよ
家路もさだかならぬ　　やみ夜に
さびしく　さすらう身を
みちびき　ゆかせたまえ"
288,2,"ゆくすえとおく見るを　ねがわじ
主よ　わがよわき足を　まもりて
ひとあし　またひとあし
みちをば　しめしたまえ"
288,3,"あだなる世のさかえを　　よろこび
ほこりて　おのがみちを　あゆみつ
むなしく　過ぎにし日を
わが主よ　忘れたまえ"
288,4,"しるべとなりたまいし　ひかりよ
今より　なおも野路に　山路に
闇夜の　　あけゆくまで
みちびき　ゆかせたまえ"
288,5,"とこ世のあさにさむる　そのとき
しばしの別れをだに　　なげきし
あいする　もののえがお
みくにに　われをむかえん
　　　　　　　　　　　アーメン"
294,1,"みめぐみゆたけき　主の手にひかれて
この世の旅路を　　あゆむぞうれしき
たえなるみめぐみ　日に日にうけつつ
みあとをゆくこそ　こよなきさちなれ"
294,2,"さびしき野べにも　にぎわう里にも
主ともにいまして　われをぞみちびく
たえなるみめぐみ　日に日にうけつつ
みあとをゆくこそ　こよなきさちなれ"
294,3,"けわしき山路も　　おぐらき谷間も
主の手にすがりて　やすけく過ぎまし
たえなるみめぐみ　日に日にうけつつ
みあとをゆくこそ　こよなきさちなれ"
294,4,"世の旅はてなば　　死のかわなみをも
恐れず越えゆかん　みたすけたのみて
たえなるみめぐみ　日に日にうけつつ
みあとをゆくこそ　こよなきさちなれ
　　　　　　　　　　　　　
　　　　　　　　　　　（アーメン）"
312,1,"いつくしみ深き　　友なるイエスは
罪とが憂いを　　　とり去りたもう
こころの嘆きを　　包まず述べて
などかは下ろさぬ、負える重荷を"
312,2,"いつくしみ深き　友なるイエスは
われらの弱きを　知りて憐む
悩みかなしみに　沈めるときも
祈りにこたえて　慰めたまわん"
312,3,"いつくしみ深き　友なるイエスは
かわらぬ愛もて　導きたもう
世の友われらを　棄て去るときも
祈りにこたえて　労りたまわん
　　　　　　　　　　アーメン"
370,1,"めさめよ、わが霊　こころ励み
ちからの限りに　　いそぎ進め
いのちの冠は　　　わがためにぞ
天にゆく馳場に　　そなえらるる"
370,2,"ものみのひとびと　雲のごとく
むらがり囲みて　　われを眺む
脇目もふらずに　　走りすすめ
さかえを授くる　　主は呼びたもう"
370,3,"見よ、その栄えの　かがやけるを
並ぶべきものは　　またとあらじ
この世の君らの　　花のかざり
黄金のかむりも　　ひかりぞなき"
370,4,"みめぐみ豊けき　すくいぬしの
み声のまにまに　走るこの身
かちの日来らば　そのほまれは
わが主の力と　　歌いまつらん

　　　　　　　　　　アーメン"
380,1,"立てよ、いざ立て　主の兵(つわもの)
見ずや、御旗(みはた)の　ひるがえるを
すべての仇(あだ)を　滅ぼすまで
君は先立ち　行かせ給わん"
380,2,"立てよ、聞かずや　主の角笛
いざ戦いの　門出急がん
君が隊(て)につく　この身なれば
雲なすあだも　何か恐れん"
380,3,"立てよ、我が主の　力により
神の鎧(よろい)を　堅くまとい
御霊(みたま)の剣　打ちかざして
おのが持ち場に　　勇み進め"
380,4,"立てよ、戦(いくさ)は　やがて終わり
永久(とわ)の勝ち歌　高く歌い
尽きぬ生命(いのち)の　冠(かむり)を受け
栄えの君と　ともに治めん

　　　　　　　　　　　　　　　アーメン"
391,1,"ナルドの壺　　ならねど
ささげまつる　わが愛
みわざのため　主よ潔めて 
うけませ　　　うけませ"
391,2,"よわき民に　　ちからを
おぐらき世に　ひかりを
あたえて主の　たかき御旨(みむね)
なさばや　　　なさばや"
391,3,"怖ずるものに　平和を
なげくものに　のぞみを
わかちて主の　ふかき恵み
あらわさん　　あらわさん"
391,4,"この世のわざ　　おわりて
あまつ国に　　　かえらば
主よ、みまえに　仕えまつらん
ときわに　　　　ときわに

　　　　　　　　　アーメン"
499,1,"みたまよくだりて  昔のごとく
くすしきみわざを  現し給え
代々にいます 　　 御霊の神よ
今しもこの身に 　 満ちさせ給え"
499,2,"みたまよくだりて  恵みの雨に
乾ける心を　　　  潤し給え
代々にいます　　  御霊の神よ
今しもこの身に　  満ちさせ給え"
499,3,"みたまよくだりて  汚れを清め
尊き救いに 　　　 いらしめ給え
代々にいます 　　 御霊の神よ
今しもこの身に　　満ちさせ給え"
499,4,"みたまよくだりて  か弱き我を
清けき力に 　　　 富ましめ給え
代々にいます 　　 御霊の神よ
今しもこの身に　　満ちさせ給え　　　　　　　　　　　　　　　　　　　　　　　　　　アーメン"
501,1,"いのちのみことば　たえにくすし
見えざるみかみの　むねをしめし
つかえまつる　　　みちをおしう

いのちのみことば　たえなるかな
いのちのみことば　くすしきかな"
501,2,"主イエスのみことば　いとしたわし
あまねくひびきて　　世のちまたに
なやむ子らを　　　　あめにまねく

いのちのみことば　たえなるかな
いのちのみことば　くすしきかな"
501,3,"うれしきおとずれ　たえずきこえ
ゆるしとやわらぎ　たまうかみの
ふかきめぐみ　　　世にあらわる

いのちのみことば　たえなるかな
いのちのみことば　くすしきかな
　　　　　　　　　　　アーメン"
502,1,"いともかしこし　イエスの恵み、
つみに死にたる　身をも活かす
主よりたまわる　あめの糧に
飢えしこころも　飽き足らいぬ
世にあるかぎり　きみのさかえと
いつくしみとを　かたりつたえん"
502,2,"すくいのめぐみ　告ぐるわれは
たのしみあふれ　うたとぞなる
ほろびをいでし　このよろこび
あまねくひとに　えさせまほし
世にあるかぎり　きみのさかえと
いつくしみとを　かたりつたえん"
502,3,"くすしきめぐみ　あまねく満ち
あるに甲斐なき　われをも召し
あまつ世嗣と　　なしたまえば
たれか洩るべき　主のすくいに
世にあるかぎり　きみのさかえと
いつくしみとを　かたりつたえん
　　　　　　　　　　　アーメン"
503,1,"はるのあした　　なつのまひる
あきのゆうべ　　ふゆのよも
いそしみまく　　みちのたねの
たりほとなる　　とききたらん
　かりいるるひはちかし　よろこびまてそのたりほ
　かりいるるひはちかし　よろこびまてそのたりほ"
503,2,"みそらかすむ　　のどけき日も
こがらしふく　　さむき夜も
いそしみまく　　みちのたねの
たりほとなる　　とききたらん
　かりいるるひはちかし　よろこびまてそのたりほ
　かりいるるひはちかし　よろこびまてそのたりほ　"
503,3,"うさつらさも　　身にいとわで
みちのために　　たねをまけ
ついにみのる　　そのたりほを
神はめでて　　　みそなわさん
　かりいるるひはちかし　よろこびまてそのたりほ
　かりいるるひはちかし　よろこびまてそのたりほ　
　　　　　　　　　　　　　　　　　　　アーメン"
505,1,"たえなる恵みや　みかどは開け
救いのひかりぞ　世に輝ける
たえなる恵みや　天めなる御門は
わがため　　　　ひらかれたり"
505,2,"いかなる人をも　望むがままに
喜びむかえて　　入らしめ給わん
たえなる恵みや　天めなる御門は
わがため　　　　ひらかれたり"
505,3,"むらがる仇をも　おそれで進め
恵みのみかどの　開けたるまに
たえなる恵みや　天めなる御門は
わがため　　　　ひらかれたり"
505,4,"凱歌うたいて　　みまえに立つ日
さかえの冠を　　主あたえ給わん
たえなる恵みや　天めなる御門は
わがため　　　　ひらかれたり
　　　　　　　　　　（アーメン）"
514,1,"弱き者よ 　　　我にすべて
まかせよやと 　主はのたもう
主によりて 　　贖(あがな)わる
我が身のさちは みな主にあり"
514,2,"岩のごとく 　　堅(かた)き心
砕くものは 　　御力(みちから)のみ
主によりて 　　贖(あがな)わる
我が身のさちは みな主にあり"
514,3,"我に何の 　　　いさおしあらん
ただ主の血に 　清くせらる
主によりて 　　贖(あがな)わる
我が身のさちは みな主にあり"
514,4,"死の床より 　　起くるその日
勇み歌わん 　　主のみいさお
主によりて 　　贖(あがな)わる
我が身のさちは みな主にあり

　　　　　　　　　　アーメン"
515,1,"「十字架の血に　きよめぬれば、
来よ」との御声を　われはきけり、
主よ、　われは　いまぞゆく、
十字架の血にて　きよめたまえ。"
515,2,"よわきわれも　　みちからをえ、
この身の汚れを　みな拭われん。
主よ、　われは　いまぞゆく、
十字架の血にて　きよめたまえ。"
515,3,"まごころもて　　せつにいのる、
心にみつるは　　主のみめぐみ。
主よ、われは　　いまぞゆく、
十字架の血にて　きよめたまえ。"
515,4,"ほむべきかな　　　わが主のあい、
ああほむべきかな　わが主のあい。
主よ、　われは　　いまぞゆく、
十字架の血にて　　きよめたまえ。

　　　　　　　　　　　　アーメン"
520,1,"しずけき河のきしべを 　
すぎゆくときにも
うきなやみの荒海を
わたりゆくおりにも
こころ安し、神によりて安し"
520,2,"むらがる仇(あだ)はたけりて
かこめどせむれど
いざなうものひしめきて
のぞみをくだくとも
こころ安し、神によりて安し"
520,3,"うれしや十字架のうえに
わがつみは死にき
すくいの道あゆむ身は
ますらおのごとくに
こころ安し、神によりて安し"
520,4,"おおぞらは巻き去られて
地はくずるるとき
つみの子らはさわぐとも
神による御民は
こころ安し、神によりて安し

　　　　　　　　　アーメン"
524,1,"イエス君、イエス君　みすくいに
われをももらさで　いれたまえ
主よ、主よ　　　ききたまえ
くだけし心の　　さけびをば"
524,2,"みまえにうちふし　わが悔ゆる
こころのなげきに　こたえませ
主よ、主よ　　　　ききたまえ
くだけし心の　　　さけびをば"
524,3,"きみのいさおしぞ　ただ頼らん
かよわきこの身を　たすけませ
主よ、主よ　　　　ききたまえ
くだけし心の　　　さけびをば"
524,4,"のぞみのもとなる　主のほかに
あめにもつちにも　すくいなし
主よ、主よ　　　　ききたまえ
くだけし心の　　　さけびをば
　　　　　　　　　　　アーメン　"
525,1,"めぐみふかき　主のほか
たれかわれを　なぐさめん
わが主わが神　恵みたまえ
ただ頼りゆく　わが身を"
525,2,"わが主ともに　いまさば
あくまわれを　いかにせん
わが主わが神　恵みたまえ
ただ頼りゆく　わが身を"
525,3,"きよきみむね　おしえて
はたしたまえ　みちかい
わが主わが神　恵みたまえ
ただ頼りゆく　わが身を"
525,4,"とうとき主よ　われをば
きみのものと　したまえ
わが主わが神　恵みたまえ
ただ頼りゆく　わが身を　　　　　　　　　　　　　　　　　　　　　　　
　　　　　　　アーメン"
527,1,"わがよろこび　わがのぞみ
わがいのちの主よ
ひるたたえ　よるうたいて
なお足らぬをおもう"
527,2,"したいまつる かいぬしよ
いずこの牧場に
その群を 主はみちびき
やしないたまえる"
527,3,"シオンの娘　かたれかし
わがいのちの主に
野辺にてか　幕屋にてか
会いまつらざりし"
527,4,"主のみかおのやさしさに
みつかいよろこび
みことばのうるわしさに
あめつちうたえり"
527,5,"ならびもなき 愛の主の
みこえぞうれしき
わがのぞみ 　わがいのちは
とわに主にあれや
　　　　　　　
　　　　　　　　アーメン"
541,0,"父　み子　みたまの
おおみかみに
ときわにたえせず
みさかえあれ
　　　　　　
　　　　　アーメン"
542,0,"世をこぞりて
ほめたたえよ
みさかえつきせぬ
あまつかみを
　　　　　　　　　　　　アーメン"
25,1,"みかみのあいをば　うとうわれらの
むねはひらきたり　花のごとくに
みかおのひかりに　まよいの霧も
うたがいの雲も　　消えてあとなし　"
25,2,"みつかい聖徒ら　　うたえみいつを
月・星・太陽　　　たたえよ神を
雪ふるたかねも　　花咲く谷も
はやしも野原も　　砂漠も海も　　"
25,3,"みかみは罪ある　　　ものをも愛し
御子なるイエスをば　つかわしませり
ゆるしのみめぐみ　　きよむるちから
ふでにもこえにも　　のべつくしえず"
25,4,"みかみはわれらの　 ちちおやなれば
御子なるイエスをば あにうえとよばん
よびとよしたしみ　 互いに助け
みむねのなる日を　 しのびまてかし
　　　　　　　　　　
　　　　　　　　　　　（アーメン）"
28,1,"わかくさのまきばより
はなさくもりより
うるわしきつくりぬし
われうたいまつらん"
28,2,"そらにてるひかりより
夜ぞらのつきより
てりわたるすくいぬし
われたたえまつらん"
28,3,"わがうれい主はかえて
うたとしたまいぬ
世をこぞり主に帰せよ
すべてのさかえを　（アーメン）"
29,1,"たたえまつれ　おうにいます　主を
にくとれいの　やまいいやす　主を
ちかづけ　　　きみがそばへと
うたをうたいつつ"
29,2,"たたえまつれ　せかい統(す)ぶる　主を
つばさのべて　たみをまもる　主を
いのりに　　　みみをかたぶけ
こたえたもう主を"
29,3,"たたえまつれ　なすわざをしゅくし
いとよきもの　つねにみたす　主を
あらたに　　　おもいみよ主の
ふかきみめぐみを"
29,4,"たたえまつれ　わがうちのものよ
たたえまつれ　いけるものよ　主を
うれしき　　　うたのこえにて
みざのゆるぐまで
　　　　　　　　　　　(アーメン）"
33,1,"ああ　ことばのかぎり　
うたわまほし
主イェスのさかえと　　
あいとめぐみ"
33,2,"み名のかしこさを　
つたえまほし
よものたみくさに　
よものしまに"
33,3,"うれいもおそれも　
きえさるなり
いのちをあとうる　
きよきみ名に"
33,4,"いかなるけがれも　
きよめつくさん
ちしおのちからの　
あるかぎりは
　　　（アーメン）"
38,1,"ひかりかがやく　よろこびの日
こころのいたで　いやさるる日
この日とうとき　みまえにいで
こころのかぎり　みなをたたえん"
38,2,"ものみなみてに　つくられし日
きみがよみより　もどられし日
みたまのかみを　たまわりし日
この日にまさる　きよき日なし"
38,3,"こころのうえを　みたさるる日
よびいだされて　つどいゆく日
この日まことの　ひかりは照り
この日いのちの　いずみはわかん"
38,4,"この日あらたに　めぐみをうけ
みちゆくときも　うたいつづけん
ちちなるかみに　きよきみこに
みたまのかみに　さかえあれと

　　　　　　　　（アーメン）"
40,1,"せいなるかな　ぜんのうのかみ
われらあさまだき　ほめまつる
みつにまして　ひとりのかみ
あいにみつる　つよき主を"
40,2,"せいなるかな　　せいとたちも
みつかいたちも　こうべをたる
むかしいまし　いまもいまし
またとわに　ますかみに"
40,3,"せいなるかな　　つみある目は
ながみさかえを　みまつらねど
ちからとあいと　きよきことの
まどかさ　たぐいあらじ"
40,4,"せいなるかな　　ぜんのうのかみ
つくられしものは　ほめたとう
みつにまして　ひとりのかみ
あいにみつる　つよき主を
　　　　　　　　(アーメン)"
56,1,"主なるかみを　たたえまつらん
かれこそ
めぐみにとむ　ちちにませや
おさめたまえ　われらを"
56,2,"かみにませど　ひととなりし
主イエスよ
きよむるれい　くだしていま
めぐみたまえ　ながたみ"
56,3,"主のちかいの　なぐさめぬし
今こそ
きたりみちて　ひとりびとり
とらえたまえ　なが手に"
56,4,"さんみいったいなる　まことのかみ
われらは
あがめまつらん　こころこめて
つかえまつらん　あいもて
　　　　　　　　　　　　
　　　　　　　　　　　（アーメン）"
70,1,"たみみなよろこべ　主はきたりませり
こころをー　　　　そなえてー　
いざむかえよ　　　いざむかえよ
いざーいざーむかえよ"
70,2,"ちにくだりませり　すくいぬしは
のやまもー　　　　ながれもー
こえあぐべし　　　こえーあぐべし
こえーこえーあぐべし"
70,3,"つみののろいをば　ときたまえば
うれいもー　　　　なやみもー
みなきえうせん　　みなきえうせん
みなーみなーきえうせん"
70,4,"主は世を統べたもう　みめぐみもて
主のあいー　　　　　主の義をー
ほめたたえよ　　　　ほめたたえよ
ほめーほめーたたえよ

　　　　　　　　　　　　　　　　　　　（アーメン）"
71,1,"きけやうたごえー　そらにひびくを
みかみのみこはー　いましあもれり
もろびとたちてー　ともによろこべー　
かみはよびとと　　やわらぎませば
「さかえあれよ」と　みつかいうとう"
71,2,"みこはうえなきー　くらいをすてて
ひくきしずやをー　やどとしませり
よろずのたみのー　まちわびし主のー
われらのなかに　　すませたまえば
「さかえあれよ」と　みつかいうとう"
71,3,"うたえ義の日をー　　へいわのきみを
うけよひかりとー　　いのちを主より
なやめるたみをー　　うまれかわらせ
とわのいのちを　　　あたえたまえば
「さかえあれよ」と　みつかいうとう"
73,1,"ふけゆくー野はらの　　しじまやーぶりー
みつかいーたえなる　　うたうたーいぬー
「あめにはーみさかえ　かみーにあーれやー
へいわはー地にすむ　　ひとにひとにあーれ」と"
73,2,"みつかいーいまなお　おとーずれーきてー
気おちせーるこらに　うたをうとーう
きかずやーみかみの　あいーをつたえー
なぐさめーをみたす　うたのこーえをー"
73,3,"おもにをーせにして　けわーしきーさかー
あえぎつーつのぼる　世のひとーびとー
かがやかーしき日は　みよーちかーづく
みつかいーのうたをー　ききやすーらーえー"
73,4,"予言者らーのつげし　さかーえのー日のー
きたらばー地にすむ　もるくにびとー
へいわのーきみなる　イェスーをたーたえー
みつかいーのうたを　うたいかーえさんー

　　　　　　　　　　　　　　　　　（アーメン）"
75,1,"ノエルーをば　　はじーめに　
うたーいしーは　たーれぞ　
のにーある　　　まずーしき　
ひつーじかーい　　　なーりき
ノエルー！　ノエル！　ノエル！　ノエルー！
主はあもーりまーせり"
75,2,"かれーらは　　おあーぎぬ　
ひがーしのー　そらーより
夜ごーとに　ちかーづく　
ひとーつのー　あかーぼし
ノエルー！　ノエル！　ノエル！　ノエルー！
主はあもーりまーせり"
75,3,"はかーせら　　ほしーをば　
みとーめてー　おもーいぬ
「せかーいの　きみーこそ　
うまれしー　ならーめ」と
ノエルー！　ノエル！　ノエル！　ノエルー！
主はあもーりまーせり"
75,4,"くしーきは　　このーほし
ひがーしのー　はかーせを
主イェースの　うぶーやに
みちーびきー　いたーれり
ノエルー！　ノエル！　ノエル！　ノエルー！
主はあもーりまーせり

　　　　　　　　　　　　　　　　　（アーメン）"
77,1,"みつかいのたたえうとうはたれぞ
ひつじかいたちのおがむはたれぞ
ああそはかみの御子イェスきみなり
ああそは主の主きみのきみなり"
77,2,"むさきうまごやにあれしはたれぞ
たくみのことしてあれはあれしはたれぞ
ああそはかみの御子イェスきみなり
ああそは主の主きみのきみなり"
77,3,"こがねににゅうこうもつやくもちて
はかせがおがみにゆきしはたれぞ
ああそはかみの御子イェスきみなり
ああそは主の主きみのきみなり"
78,1,"いざもろとも　　主をはいせよ
ベツレヘムに　　主あれぬ
かれこそは　　　主の主にませ
ゆきてはいせよ　ゆきてはいせよ
ゆきてはいせよ　かみのこを"
78,2,"あまつつかい　　主をたたえよ
あめにゆきし　　主のたみも
「かみにあれ　　おおみさかえ」と
ゆきてはいせよ　ゆきてはいせよ
ゆきてはいせよ　かみのこを"
78,3,"このうれしき日のあしたに
われらうたわん　イェスきみをげに
げに「ことば」　ひととなりぬ
ゆきてはいせよ　ゆきてはいせよ
ゆきてはいせよ　かみのこを"
86,1,"きみなるイエスは　いまあれましぬ
いざたてまつれ　　たたえのうたを
グローーーーリヤインエクセルシスデオ
グローーーーリヤインエクセルシスデオ"
86,2,"みつかいたちは　よきおとずれを
つげてうたえり　こえたからかに
グローーーーリヤインエクセルシスデオ
グローーーーリヤインエクセルシスデオ"
86,3,"こうものたちは　ダビデのむらの
うまやにゆきて　おがみまつりぬ
グローーーーリヤインエクセルシスデオ
グローーーーリヤインエクセルシスデオ"
86,4,"きみなるイェスも　われらもうたわん
みつかいたちの　　ことにあわせて
グローーーーリヤインエクセルシスデオ
グローーーーリヤインエクセルシスデオ

　　　　　　　　　　　　　　　　（アーメン）"
96,1,"きーよし　このよる　　ほしは　ひかり　
すくいーの　みー子は　まぶねーのなーかに　
ぬむりーたもうー　　　　いーと　やーすくー　"
96,2,"きーよし　このよる　　みつげ　うけし
まきびーとたーちは　み子のーみまーえに
ぬかずーきぬー　かーしこーみて"
96,3,"きーよし　このよる　み子の　えみに
めぐみーのみーよの　あしたーのひーかり
かがやーけりー　　　ほがらーかにー

　　　　　　　　　　　　　　　　　（アーメン）"
109,1,"いばらのはりの　ささるこうべを
おもきうれいに　たれさせたもう
いたくせめられ　やつれはてし
主にありし日の　おもかげなし"
109,2,"いかにしゃすべき　あいする主に
きみはわがため　死にたまいぬ
われをばきみの　ものとなして
ただなれをのみ　あいさしめよ"
109,3,"死ぬまぎわにも　あおがしめよ
十字架につきし　きみがすがた
わが身を御手に　ゆだねしいま
いとやすらかに　世をさるをえん

　　　　　　　　　（アーメン）"
113,1,"十字架にかかりし
主イェスをあおげば
たからもほまれも
あくたとかわらず"
113,2,"十字架のほかには
ほこりのあらぬ身
いかなるものにも
こころはうごかじ"
113,3,"みかしらいばらの
かむりにかがやき
おん手あしうれいと
めぐみをながしつ"
113,4,"めぐみにむくゆる
すべなきこの身は
身とたまささげて
ぬかずくほかなし"
123,1,"いざ人よ　　　ほめまつれ
よみがえりし　勝利の主
見よ墓には何もなく　
ただ衣の残るのみ
いざ人よ　　　ほめまつれ
よみがえりし　勝利の主"
123,2,"イェスはげに　死に勝ちて
はらいませり　黒き闇
よみの勝利　今いずこ　
死は毒針もがれたり
いざ人よ　　　ほめまつれ
よみがえりし　勝利の主　　　　"
123,3,"命の主　　　　栄えの主
たたえ歌わん　いざ立ちて
主に従ごう我らにも　
主の如くに　勝たしめよ
いざ人よ　　　ほめまつれ
よみがえりし　勝利の主　　　　　　　　　　　　　　　　　　　　　　　　　　　　（アーメン）"
126,1,"よびとようたえ　ハレルヤ
みつかいたちも　ハレルヤ
キリストこの日　ハレルヤ
よみがえりたり　ハレルヤ"
126,2,"すくいのわざの　ハレルヤ
とげられしいま　ハレルヤ
みくにのかども　ハレルヤ
ひろくあきたり　ハレルヤ"
126,3,"死のはりいずこ　ハレルヤ
しりぞけよみよ　ハレルヤ
きみはいくさに　ハレルヤ
うちかちませり　ハレルヤ"
126,4,"さきだつきみに　ハレルヤ
したごうわれら　ハレルヤ
きみのごとくに　ハレルヤ
よみがえるべし　ハレルヤ

　　　　　　 （アーメン）"
127,1,はかのなかに　いとひくく
136,1,"みつかいよふして　主をかしこみ
かむりをささげて　ほめよイェスを
かむりをささげて　ほめよイェスを"
136,2,"イスラエルびとよ　ながやからも
あがなわれたれば　ほめよイェスを
あがなわれたれば　ほめよイェスを"
136,3,"つみびとよ　　なれがつみゆるしし
みめぐみおもいて　ほめよイェスを
みめぐみおもいて　ほめよイェスを"
136,4,"世のなかのたみは　こえあわせて
みいつをかしこみ　ほめよイェスを
みいつをかしこみ　ほめよイェスを"
136,5,"みくにのせいとも　地のみたみも
ちからのかぎりに　ほめよイェスを
ちからのかぎりに　ほめよイェスを

　　　　　　　　　　（アーメン）"
138,1,"すくいぬしイエスを　
あおぎみれば
おごそかのうちに　
やさしさあり
やさしさあり"
138,2,"ひとのこのなかに　
もとめうるや
かかるうるわしき　
みすがたをば
みすがたをば"
138,3,"ほろびゆくわれを　
あがなわんとて
十字架のはじをも　
うけたまえり
うけたまえり"
138,4,"きみはわがいのち　
またよろこび
おいせまる死にも　
かたせたもう
かたせたもう"
138,5,"きみはこのみをば　
みくにに召し
よろこびをまたく　
みたしたもう
みたしたもう
　　　（アーメン）"
148,1,
160,1,"キリストイェスを　もといとして
うちたてられし　　みきょうかいは
きみが血をもて　　買いたまいし
はなよめたちの　　あつまりなり"
160,2,"ことばにいろに　　ちがいあれど
みたみのおがむ主ひとりなり
ひとつにうまれ　　ひとつにのび
ひとつにしょくし　ひとつに生く"
160,3,"主のきょうかいは　こころみうけ
あらそいにあい　　なみだすとも
そのまぼろしを　　主はよみして
ついにしょうりを　あたえたまわん"
160,4,"この世とあめに　わかれすめど
みたみはきよきかみにありて
ともにまじわり　ともにまてり
キリストイェスのきたる日をば"
196,1,"おどろくばかりの　
めぐみなりき
この身のけがれを　
しれるわれに"
196,2,"めぐみはわがみの　
おそれを消し
まかするこころを　
おこさせたり"
196,3,"危険をもわなをも　
さけえたるは
めぐみのみわざと　
いうほかなし"
196,4,"みくににつくあさ　
いよよたかく
めぐみのみかみを　
たたえまつらん
　　　（アーメン）"
201,1,"つみとがをゆるされ
神の子となりたる
わがたまの喜び
比べうるものなし
日もすがらあかしせん
夜もすがら主をほめん
み救いはたえなり
み救いはくすしと"
201,2,"主にまたくしがたい
やすきえしわがみに
あまつやのうたごえ
響きくるここちす
日もすがらあかしせん
夜もすがら主をほめん
み救いはたえなり
み救いはくすしと"
201,3,"主のものとせられし
わが身こそさちなれ
感謝なき日はなく
賛美なき夜はなし
日もすがらあかしせん
夜もすがら主をほめん
み救いはたえなり
み救いはくすしと
　　　　（アーメン）"
205,1,"のぞみはただ主の　　血と義にあるのみ
いかでか他のもの　　たよりとなすべき
イエスこそいわなれ　堅固なるいわなれ
ほかはすな地なり"
205,2,"みかおをみぬ日も　　めぐみの手はあり
なみかぜなにかは　　いかりのあるみに
イエスこそいわなれ　堅固なるいわなれ
ほかはすな地なり"
205,3,"みちかいたのめば　おおみずもおそれじ
ものみなきゆとも　　のぞみは主にあり
イエスこそいわなれ　堅固なるいわなれ
ほかはすな地なり"
205,4,"ラッパの音ひびく日　義のきぬまといて
おそれずみまえに　このみはたつをえん
イエスこそいわなれ　堅固なるいわなれ
ほかはすな地なり
　　　　　　　　　　　　　(アーメン)"
211,1,"わがみをみちびく主はともにませば
あめなるなぐさめつねにわれにあり
みちびく主のてにすべてをまかせて
たびをつづけうるわがみぞたのしき"
211,2,"かげなるたにまもあらしのあらのも
などておそるべき主はともにませば
みちびく主のてにすべてをまかせて
たびをつづけうるわがみぞたのしき"
211,3,"わがみのおかるるちはいずこぞある
などてつぶやきのあるべきこのみに
みちびく主のてにすべてをまかせて
たびをつづけうるわがみぞたのしき"
211,4,"さむきかわぎしにわれたつときにも
やすくわたるをえん主のてにすがらば
みちびく主のてにすべてをまかせて
たびをつづけうるわがみぞたのしき
                       （アーメン）"
230,1,"たのしきいのりよ　　うきこのよはなれ
みくらにちかづき　　かみとかたらしむ
なやみてありしひ　　ここにていくたび
こころむるものの　　わなよりのがれし"
230,2,"たのしきいのりよ　　ながはねははこぶ
かわけるこころを　　わが主のみまえに
みことば唯いつの　　てがかりとなして
もとむるこのみに　　やすきをもたしむ"
230,3,"たのしきいのりよ　　わが目はみわたす
ピスガのみねより　　あめなるみくにを
このみはまもなく　　にくのきぬをぬぎ
さけびつつのぼらん　さらばやうきよと
　　　　　　　　　　　　　（アーメン）"
232,1,"祈れ　ものごと　みなままならず
むねにうれいの　雲とざすとき
祈れよしみちは　くらくあるとも
祈れすべてを　　主の手にゆだねて"
232,2,"祈れ　こころを　しずめて神の
むねはいかにと　知りうるまでは
祈れよしみちは　くらくあるとも
祈れすべてを　　主の手にゆだねて"
232,3,"祈れ　おのれの　ことよりむしろ
人をとりなす　　みとなるまでは
祈れよしみちは　くらくあるとも
祈れすべてを　　主の手にゆだねて"
232,4,"祈れ　みわざは　必ずなると
信じて感謝を　　なしうるまでは
祈れよしみちは　くらくあるとも
祈れすべてを　　主の手にゆだねて
　　　　　　　　　　　(アーメン）"
250,1,"いのちのいずみに　ましますイエスよ
ゆたかにながれて　うるおしたまえ
まことのことばに　かわきしわれも
いとをばととのえ　めぐみをうたわん"
250,2,"かみよりはなれて　　まよいしわれを
イエスきみみいだし　たまいし日より
めぐみにもれたる　　ときはなかりき
いざうちたてまし　　エベネゼルをば"
250,3,"たれかは断(た)ちうる　めぐみのいとを
さらにむすびつけん　　このみをかみに
かよわきわがみを　　　みちびきたまえ
あめなるみくにに　　　ゆきつく日まで
　
　　　　　　　　　　　　（アーメン）"
253,1,"さびしきよみちあゆむわがみを
みちびきませあいなるひかりよ
ひとあしふみだしえば
かなたをみずともよし"
253,2,"みちびきかみに請わずながくも
ほこりてわれとみちをえらびし
おろかさわすれたまえ
いまこそさしずを待たん"
253,3,"ぬまちもたかきやまもなにかは
みちからなおもこのみまもれば
まもなくやみはさりて
いのちのあさはひらけん"
261,1,"わがため　十字架の　なやみと　はじを
うけさせ　たまいし　わが主の　あいよ
ちしおの　いさおに　ほろびの　火より
のがれし　わがみは　うたわざらめや"
261,2,"みむねに　いこえる　こころは　たのし
みたまに　みたされ　なぐさめ　つきじ
めぐみの　みことば　たえなる　うたを
ききうる　わがみは　うたわざらめや"
261,3,"うきよの　あらしは　ふくとも　やすし
主のてに　まかしし　みとたま　なれば
こころを　さまして　いのりの　うちに
ひび主を　まつみは　うたわざらめや
　　　　　　　　　　　　（アーメン）"
273,1,"きょうまでまもられ　きたりしわがみ
つゆだにうれえじ　　ゆくすえなどは
いかなるおりにも　　あいなるかみは
すべてのことをば　　よきにしたまわん"
273,2,"かよわきものをも　かえりみたもう
わが主のめぐみは　このみにたれり
にぎおうさとにも　さびしき野にも
主の手にすがりて　よろこびすすまん"
273,3,"主の日ぞいよいよ　まぢかにせまる
うきよのたびじも　しばしのまのみ
まもなくさかえの　みくににゆきて
ときわにたえせず　わが主とすまわん"
276,1,"なしたまえながむね
すえつくりわが主よ
われはただなが手の
うちにあるつちくれ"
276,2,"ふるゆきのごとくに
わがうちをしろくし
ながむねのまにまに
ねりたまえわが主よ"
276,3,"あまくだる火をもて
わがうちをきよくし
なしたまえなが手の
うつわなるわがみと"
276,4,"ながむねのなるとき
他のひとはみるべし
わがうちにますきみ
キリストのすがたを

　　　（アーメン）"
277,1,"主よささぐる　わがみとたま
愛のみてに　　おさめたまえ
さちにまがに　われは祈らん
主よみこころ　なしたまえと"
277,2,"雲にかすみ　　さだかならぬ
わがのぞみも　けしたまわず
なみだの意味　よく知りたもう
主よみこころ　なしたまえや"
277,3,"われゆくては　つゆしらねど
ただみむねを　たよりにゆかん
あまついえの　かどにていわん
主よみこころ　なしませりと"
281,1,"すすめ主イエスのへいしらよ
みよじゅうじかはまえにゆく
てきにむかいてすすみいる
主にしたがいていざすすまん
すすめ主イエスのへいしらよ
みよ十字架は前にゆく"
281,2,"たけきむかしのせいとらが
すすみしみちをすすむなり
おなじひとつのしんじょうと
あいとのぞみにたつわれら
すすめ主イエスのへいしらよ
みよ十字架は前にゆく"
281,3,"おこりしくにもほろびゆき
さかえしたみもわすれらる
ただ主のくにのいきおいは
よみのちからも裂くをえじ
すすめ主イエスのへいしらよ
みよ十字架は前にゆく"
281,4,"われらとともに世のひとよ
かちうたたかくさけびつつ
ほまれとさかえけんりょくは
おうなるイエスにあれといわん
すすめ主イエスのへいしらよ
みよ十字架は前にゆく"
282,1,"ゆけわがたま　てやあくを
むかしかみのしもべたちは
ひとやもほのおもつゆおそれざりき"
282,2,"このちちらの子たるわれら
いかでか避けん主のいくさに
くわわりたたこうさかえのつとめを"
282,3,"ふせいふぎをねだやしせよ
いつわりごとみなほろぼせ
きみはみてをのべちからづけたまわん"
282,4,"このいくさのおわるひには
かむろを主の手よりうけて
へいわのさとにてとこしなえにすまん"
309,1,"まけやたねをあしたはやく
まけやあいとしんせつを
とききたりてみをむすばば
よろこびもてかみをほめん
かりいるるとききなば
よろこびもてかみをほめん
かりいるるとききなば
よろこびもてかみをほめん"
309,2,"まけやたねをひるになおも
まけやかみのみことばを
とききたりてかりいるる日
よろこびもてかみをほめん
かりいるるとききなば
よろこびもてかみをほめん
かりいるるとききなば
よろこびもてかみをほめん"
309,3,"たねたずさえなみだながし
いでゆけどもかえるとき
かかえきれぬたばのゆえに
よろこびもてかみをほめん
かりいるるとききなば
よろこびもてかみをほめん
かりいるるとききなば
よろこびもてかみをほめん（アーメン）"
376,0,"ちち　みこ　みたまの
おおみかみに　とこしえかわらず
みさかえあれ　みさかえあれ
　　　　　　　　　　　アーメン"
377,0,"　　すべてのめぐみの
　　もとなるみかみを
　　つくられしものよ
　　いざたたえまつれ　
　　　　
　　　　　　　アーメン"
392,1,"かみはひとりごを　たもうほどに
よびとをあいしたもう　かみは愛なり
ああかみはあいなり　　けがれはてし
われさえ愛したもう　　かみは愛なり"
392,2,"つみをばおかして　かみにそむき
てきとうわれさえ　なお愛したもう
ああかみはあいなり　けがれはてし
われさえ愛したもう　かみは愛なり"
392,3,"つみゆるさんために　われにかわり
イエスきみ十字架に　死にたまえり
ああかみはあいなり　けがれはてし
われさえ愛したもう　かみは愛なり"
392,4,"いざとくきたりて　かみのあいに
ながみをゆだねよ　すくわるべし
ああかみはあいなり　けがれはてし
われさえ愛したもう　かみは愛なり"
396,1,"十字架のかげに　いずみわきて
いかなる罪も　　きよめつくす
おらせたまえ　　この身を主よ
十字架のかげに　とこしえまで"
396,2,"十字架のかげに　ゆきしときに
みかみの愛を　　さとりえたり
おらせたまえ　　この身を主よ
十字架のかげに　とこしえまで"
396,3,"十字架のかげを　もとめつづけん
けわしきさかを　のぼるときも
おらせたまえ　　この身を主よ
十字架のかげに　とこしえまで"
396,4,"十字架のかげを　いかではなれん
みくにのかどに　いる日までは
おらせたまえ　　この身を主よ
十字架のかげに　とこしえまで
　　　　　　　　　(アーメン）"
402,1,"おかにたてる　あらけずりの
十字架にかかりて
救い主は　　　ひとのために
すてませりいのちを
十字架にイエス君　我をあがないたもう
十字架の悩みは　　わが罪のためなり"
402,2,"よびと笑い　　あざけるとも
十字架はしたわし
こひつじイェス神のみこが
つけられし木なれば
十字架にイエス君　我をあがないたもう
十字架の悩みは　　わが罪のためなり"
402,3,"あけにそみし　あらけずりの
十字架はうるわし
ゆるしあたえ　きよくするは
ただ主の血あるのみ
十字架にイエス君　我をあがないたもう
十字架の悩みは　　わが罪のためなり"
402,4,"せめもはじも　つらくあらじ
十字架にかわりて
たまのかむり　うくるときを
日々まてる我が身は
十字架にイエス君　我をあがないたもう
十字架の悩みは　　わが罪のためなり
　　　　　　　　　　　　（アーメン）"
417,1,"おかしたつみ　おもいだしては
かなしむけれど
なみだのなかに　すくいはない
イェスキリストに　おすがりすれば　　　　　　　　　　すくいは　すぐに　あたえられる

　"
417,2,"ちからかぎり　ぜんじをはげみ
しゅうようしても
よいおこないに　すくいはない
イェスキリストに　おすがりすれば
すくいは　すぐに　あたえられる"
417,3,"しぬまでには　なんとかなると
ただまつひとに
かみのすくいは　おとずれない
イェスキリストに　おすがりすれば
すくいは　すぐに　あたえられる"
417,4,"ひとにかわって　なみだをながし
なやみをうけた
キリストだけが　すくいぬしだ
イェスキリストに　おすがりすれば
すくいは　すぐに　あたえられる
　　　　　　　　　　（アーメン）"
418,1,"あなたの罪過ちは
始末されてあるか
神なるキリスト･イェスを
信じ救われたか
罪を悔いて　だれもすがれイェスに
イェスは十字架の血潮で　罪を清め給う"
418,2,"あなたは毎日イェスの
側（そば）を歩いてるか
イェスの十字架をばいつも
見て暮らしておるか
罪を悔いて　だれもすがれイェスに
イェスは十字架の血潮で　罪を清め給う　"
418,3,"花婿なるキリストを
迎えに出られるか
罪の染（し）みのない服を
毎日着ておるか
罪を悔いて　だれもすがれイェスに
イェスは十字架の血潮で　罪を清め給う　"
418,4,"少しでも罪の染みが
ついておったならば
イェスの血潮で白くし
主に喜ばれよう
罪を悔いて　だれもすがれイェスに
イェスは十字架の血潮で　罪を清め給う
　　　　　　　　　　　　　(アーメン）　"
424,1,"告げよ主に　告げよ今　内にある悩みを
みめぐみに富める主は　聞き給わん親しく
主の許（もと）に　　　おろせ汝（な）が
重き荷の全てを
御恵みに富める主は　　取りたまわん残らず"
424,2,"告げよ主に　友にさえ　語り得ぬ事ども
御恵みは深き海　　　　飛び込みてきよまれ
主の許（もと）に　　　おろせ汝（な）が
重き荷の全てを
御恵みに富める主は　　取りたまわん残らず"
424,3,"こころみを　受けし主は　罪人の友なり
試むる者　何処（いずこ）あたよとく退け
主の許（もと）に　　　　おろせ汝（な）が
重き荷の全てを
御恵みに富める主は　　取りたまわん残らず"
424,4,"告げよ主に　告げよ今　なぐさめは　主にあり
力ある御手をのべ　　　主はささえんなが身を
主の許（もと）に　　　おろせ汝（な）が
重き荷の全てを
御恵みに富める主は　　取りたまわん残らず
　　　　　　　　　　　　　　　（アーメン）"
426,1,"十字架にかかりたる　　
救い主を見よや
こはなが犯したる　罪の為
ただ信ぜよ　ただ信ぜよ
信ずる者はたれも　皆救われん"
426,2,"死よりよみがえりし　
いのちの主知らずや
罪に死せる人よ　今あおげ
ただ信ぜよ　ただ信ぜよ
信ずる者はたれも　皆救われん　"
426,3,"イェスは罪の為に　
苦しめる者をば
哀れみて救わんと　まねきたもう
ただ信ぜよ　ただ信ぜよ
信ずる者はたれも　皆救われん"
426,4,"罪より救われて　　　
限りなき命を
望む者はイェスに　今すがれ
ただ信ぜよ　ただ信ぜよ
信ずる者はたれも　皆救われん
　　　　　　　　（アーメン）　"
427,1,"つみ、おもにをのぞくは　
血のちから　主のちは　
あくまのわざをこぼつ
くしきちからなり
ちからある　主イエスの血
うけよ　うけよ
ちからある　主イエスの血
うけよ　いまうけよ"
427,2,"にくのよくをのぞくは
血のちから　主のちは
つみ けがれをきよむる
くしきちからなり
ちからある　主イエスの血
うけよ　うけよ
ちからある　主イエスの血
うけよ　いまうけよ"
427,3,"ゆきよりしろくするは　
血のちから　主のちは
つみのしみを　ぬきさる
くしきちからなり
ちからある　主イエスの血
うけよ　うけよ
ちからある　主イエスの血
うけよ　いまうけよ"
427,4,"主にまことをつくすに
血のちから　主のちは
ひごとわれをたすくる
くしきちからなり
ちからある　主イエスの血
うけよ　うけよ
ちからある　主イエスの血
うけよ　いまうけよ　　（アーメン）"
430,1,"とうとき泉あり　　　そのうちより
インマヌエルの血ぞ　あふれながる
罪に悩むもの　くぐりいらば
けがれはあらわれん　しみはけされん"
430,2,"いまわのきわにて　　ぬすびとさえ
よろこびあおぎし　　泉なれば
ためらわでわれも　　かれのごとく
ことごとあらわれん　けがれをみな"
430,3,"殺されたまいし　　こひつじなる
主の血の力に　　　かわりあらじ
世より選ばれし　　神のたみの
きよめのめぐみを　うくるまでは"
430,4,"主よなが傷より　　ながるる血を
信仰の目をあげて　あおぎしより
あがないの愛は　　わがこころを
なぐさめみちびく　うたとなりぬ"
430,5,"まわらぬしたもて　歌いぬれど
さかえのみくにに　うつされなば
こころゆくばかり　いともたえに
救いのちからを　　たたえうたわん
　　　　　　　　　　　（アーメン）"
433,1,"悩める人々　　みなをききなば
喜びのもとは　イエスなりと知らん
主なるイェスを　うけいれまつれ
主なるイェスを　こころの中に"
433,2,"みなをばこころの　守りとなして
こころむるものに　勝ちをえよかし
主なるイェスを　うけいれまつれ
主なるイェスを　こころの中に"
433,3,"救い主イェスの　　かいなの中に
やすろうにまさる　幸は世になし
主なるイェスを　うけいれまつれ
主なるイェスを　こころの中に"
433,4,"世をさりてあまつ　くににゆくとき
高らかにたたえん　主のきよき名を
主なるイェスを　うけいれまつれ
主なるイェスを　こころの中に
　　　　　　　　　　（アーメン）"
435,1,"でしとなしたまえ　わが主よわが主よ
でしとなしたまえ　わが主よ
こころの　　　　　そこより
でしとなしたまえ　わが主よ"
435,2,"あいをましたまえ　わが主よわが主よ
あいをましたまえ　わが主よ
こころの　　　　　そこより
でしとなしたまえ　わが主よ"
435,3,"きよくなしたまえ　わが主よわが主よ
きよくなしたまえ　わが主よ
こころの　　　　　そこより
でしとなしたまえ　わが主よ"
435,4,"ユダにはなるまじ　わが主よわが主よ
ユダにはなるまじ　わが主よ
こころの　　　　　そこより
でしとなしたまえ　わが主よ"
435,5,"主をばならいたし　わが主よわが主よ
主をばならいたし　わが主よ
こころの　　　　　そこより
でしとなしたまえ　わが主よ"
449,1,"つみのけがれを　　あらいきよむるは
イェスキリストの　ちしおのほかなし
イェスのちしお　　ほむべきかな
われをあらい　　　ゆきのごとくせり"
449,2,"あまつへいわを　　こころにみたすは
イェスキリストの　ちしおのほかなし
イェスのちしお　　ほむべきかな
われをあらい　　　ゆきのごとくせり"
449,3,"よせくるあたを　　みごとにふせぐは
イェスキリストの　ちしおのほかなし
イェスのちしお　　ほむべきかな
われをあらい　　　ゆきのごとくせり"
449,4,"みくににゆきて　　もろともほむるは
イェスキリストの　ちしおのほかなし
イェスのちしお　　ほむべきかな
われをあらい　　　ゆきのごとくせり
　　　　　　　　　　　（アーメン）"
459,1,"救い主の愛と　　　
ながしませる血とを
生ける限り我は　　
かさねがさね歌わん
イェスは我の　とがをあらいさりて
雪のごとく　　白くならせたもう"
459,2,"きみの血潮こそは　　
人をまたく救い
いざのう者の手より　
守る力なれや
イェスは我の　とがをあらいさりて
雪のごとく　　白くならせたもう"
459,3,"この世ながらあまつ　　
喜びにみつれど
やがてイエスをあおぐ　
そのさちやいかならん
イェスは我の　とがをあらいさりて
雪のごとく　　白くならせたもう"
459,4,"戦いおえてあまつ　　
家にかえる朝よ
きみはみてをのべて　
我を迎えたまわん
イェスは我の　とがをあらいさりて
雪のごとく　　白くならせたもう"
459,5,"きみの手よりかちの　
かむり受くる日まで
きよきはたをたかく　
かかげつつ戦わん
イェスは我の　とがをあらいさりて
雪のごとく　　白くならせたもう
　　　　　　　　　　（アーメン）"
466,1,"まどいのくも　消えて今は
こころいともやすし
うたい叫ばん　イエスの血にて
われ　あがなわれたり
歌わん　歌わん　
われ　あがなわれたり　ハレルヤ
こえの限り　歌い叫ばん
われ　あがなわれたり"
466,2,"くつる金や　銀のごとき
世のたからによらで
子羊なる　イエスの血にて
われ　あがなわれたり
歌わん　歌わん　
われ　あがなわれたり　ハレルヤ
こえの限り　歌い叫ばん
われ　あがなわれたり"
466,3,"とがと罪は　みなゆるされ
義とせられしことを
かたく信ず　イエスの血にて
われ　あがなわれたり
歌わん　歌わん　
われ　あがなわれたり　ハレルヤ
こえの限り　歌い叫ばん
われ　あがなわれたり"
466,4,"あまつくにに　ゆきてのちも
あがないの歌をば
高く歌わん　イエスの血にて
われ　あがなわれたり
歌わん　歌わん　
われ　あがなわれたり　ハレルヤ
こえの限り　歌い叫ばん
われ　あがなわれたり　　　（アーメン）"
469,1,"さかえのおうにます　主の　
みことばにかたく　　たちて
かみにはみさかえ　　あれと
たかくうたいさけばん
たてたて　　とわにかわらぬみことばを
しんじたて　かみのみことばにたて"
469,2,"よはかわるとも　　かわらぬ
みことばにかたく　たちて
まどいおそれの　　あらしに
こころはみだされじ
たてたて　　とわにかわらぬみことばを
しんじたて　かみのみことばにたて"
469,3,"またくつみを　　　きよめんとの
みことばにかたく　たちて
きみのちしおを　　うけしに
じゆうのみとなれり
たてたて　　とわにかわらぬみことばを
しんじたて　かみのみことばにたて"
469,4,"あいもて主に　　　むすびつき
みことばにかたく　たちて
あくまにむかえば　つねに
かちえてあまりあり
たてたて　　とわにかわらぬみことばを
しんじたて　かみのみことばにたて
　　　　　　　　　　　　（アーメン）"
472,1,"きよいふみはおしえる　
かみがひととなられて
ひとのためにすくいの　
みちをじょうじゅしたこと
わたしをもあいして　死なれたおかたは
かみの子のイェスさま　ひとりだけだ"
472,2,"そんなあいをわすれて　
みちにそれたわたしを
とがめだてもしないで　
むかえいれてくださる
わたしをもあいして　死なれたおかたは
かみの子のイェスさま　ひとりだけだ"
472,3,"かみのまえにいくとき　
うたうひとつおぼえの
うたはイェスがわたしを　
あいしたもうそのこと
わたしをもあいして　死なれたおかたは
かみの子のイェスさま　ひとりだけだ
　　　　　　　　　　　　（アーメン）"
480,1,"かなしみつきざる　うきよにありても
ひび主とあゆめば　みくにのここちす
ハレルヤつみとが　けされしわがみは
いずくにありても　みくにのここちす"
480,2,"かなたのみくには　みかおのほほえみ
はいするこころの　なかにもたてらる
ハレルヤつみとが　けされしわがみは
いずくにありても　みくにのここちす"
480,3,"やまにもたににも　こやにもみやにも　
ひび主とすまえば　みくにのここちす
ハレルヤつみとが　けされしわがみは
いずくにありても　みくにのここちす
　　　　　　　　　　　（アーメン）"
489,1,"人生の海の嵐に
もまれきしこの身も
不思議なる神の手により
いのちびろいしぬ
いとしずけきみなとにつき
われは今やすろう
救い主イエスの手にある
身はいともやすし"
489,2,"悲しみと罪の中より
救われしこの身に
いざないの声もたましい
ゆすぶることえじ
いとしずけきみなとにつき
われは今やすろう
救い主イエスの手にある
身はいともやすし"
489,3,"すさまじき罪のあらしの
もてあそぶまにまに
死をまつはたれぞただちに
逃げ込めみなとに
いとしずけきみなとにつき
われは今やすろう
救い主イエスの手にある
身はいともやすし　（アーメン）"
493,1,"やすけさはかわのごとく
こころひたすとき
かなしみはなみのごとく
わがむねみたすとき
すべてやすし
みかみともにませば"
493,2,"あしきものせまりくとも
こころみありとも
みこイエスのちのいさおし
ただたのむわがみは
すべてやすし
みかみともにませば"
493,3,"みよわがつみは十字架に
くぎづけられたり
このやすきこのよろこび
たれもそこないえじ
すべてやすし
みかみともにませば"
493,4,"よしあめつちくずれさり
ラッパのねとともに
みこイエスあらわるるとも
などておそるべしや
すべてやすし
みかみともにませば
　　　　　　　（アーメン)"
497,1,"かがやく　日をあおぐとき
つきほし　ながむるとき
いかずち　なりわたるとき
まことの　みかみをおもう
わがたま　　いざたたえよ
おおいなる　みかみを
わがたま　　いざたたえよ
おおいなる　みかみを"
497,2,"もりにて　とりの音をきき
そびゆる　やまにのぼり
たにまの　ながれのこえに
まことの　みかみをおもう
わがたま　　いざたたえよ
おおいなる　みかみを
わがたま　　いざたたえよ
おおいなる　みかみを"
497,3,"みかみは　よびとをあいし
ひとりの　みこをくだし
よびとの　すくいのために
十字架に　かからせたり
わがたま　　いざたたえよ
おおいなる　みかみを
わがたま　　いざたたえよ
おおいなる　みかみを"
497,4,"あめつち　つくりしかみは
ひとをも　つくりかえて
ただしく　きよきたましい
もつみと　ならしめたもう
わがたま　　いざたたえよ
おおいなる　みかみを
わがたま　　いざたたえよ
おおいなる　みかみを"
497,5,"まもなく　主イェスは来たり
われらを　むかえたまわん
いかなる　よろこびの日ぞ
いかなる　さかえの日ぞ
わがたま　　いざたたえよ
おおいなる　みかみを
わがたま　　いざたたえよ
おおいなる　みかみを　（アーメン）"
498,1,"ほむべきかな　つみびとなる
わがためしゅはみうせたり
よろこびたたえよ　しゅのみなを
みさかえときわに　つきせざれ"
498,2,"ほむべきかな　ちはつみより
われをきよめまもるなり
よろこびたたえよ　しゅのみなを
みさかえときわに　つきせざれ"
498,3,"ほむべきかな　しゅのちからに
わがやまいもいやされぬ
よろこびたたえよ　しゅのみなを
みさかえときわに　つきせざれ"
498,4,"ほむべきかな　しゅのみたまは
わがこころをみやとせり
よろこびたたえよ　しゅのみなを
みさかえときわに　つきせざれ"
498,5,"ほむべきかな　しゅはまもなく
わがためまたきたるべし
よろこびたたえよ　しゅのみなを
みさかえときわに　つきせざれ

　　　　　　　　　（アーメン）"
505,1,"めぐみある主　　まさずば
ひとときだに　　えたえじ
わがしとう主よ　ああ　めぐみませ
いまながもとに　ゆく身を"
505,2,"ともにまさば　　やすけし
いざのうもの　　さりゆかん
わがしとう主よ　ああ　めぐみませ
いまながもとに　ゆく身を"
505,3,"きみまさずば　　このよの
ものごとみな　　いみなし
わがしとう主よ　ああ　めぐみませ
いまながもとに　ゆく身を"
505,4,"なさせたまえ　　みむねを
みやくそくの　　ごとくに
わがしとう主よ　ああ　めぐみませ
いまながもとに　ゆく身を"
505,5,"ささげまつる　　このみを
うけいれませ　　わが主よ
わがしとう主よ　ああ　めぐみませ
いまながもとに　ゆく身を
　　　　　　　　　　　　（アーメン）"
514,1,"主と主のことばに　たよるはたのし
主はわがねがいを　ききいれたもう
ひたすらただ主に　たよるわがみを
主よ主よなおなお　めぐませたまえ"
514,2,"きよくなしたもう　ちしおとうとし
いま信じくぐらば　きよめらるべし
ひたすらただ主に　たよるわがみを
主よ主よなおなお　めぐませたまえ"
514,3,"ちにつくたからを　すつるはやすし
いのちのこみちを　たどるみなれば
ひたすらただ主に　たよるわがみを
主よ主よなおなお　めぐませたまえ"
514,4,"ただ主にたよりて　くらすはたのし
かなたのくにまで　みちびきたまわん
ひたすらただ主に　たよるわがみを
主よ主よなおなお　めぐませたまえ

　　　　　　　　　　（アーメン）"
516,1,"主にすがるわれに　　なやみはなし
十字架のみもとに　　にをおろせば　
うたいつつあゆまん　ハレルヤハレルヤ
うたいつつあゆまん　このよのたびじを"
516,2,"おそれはかわりて　　いのりとなり
なげきはかわりて　　うたとなりぬ
うたいつつあゆまん　ハレルヤハレルヤ
うたいつつあゆまん　このよのたびじを"
516,3,"主はいとやさしく　　われとかたり
とぼしきときには　　みたしたもう
うたいつつあゆまん　ハレルヤハレルヤ
うたいつつあゆまん　このよのたびじを
　"
516,4,"主のみやくそくに　　かわりはなし
みもとにゆくまで　　ささえたまわん
うたいつつあゆまん　ハレルヤハレルヤ
うたいつつあゆまん　このよのたびじを

　　　　　　　　　　　　　（アーメン）"
518,1,"みことばなる　　ひかりのうち
主とともに　　　あゆまば
ゆくみちすじ　　てらしたまわん
よりたのむ　　　われらに
げに主は　　　　よりたのみて
したごう者を　　めぐみたまわん"
518,2,"みかおのえみ　　かがやくとき
くもきりは　　　きえゆき
うたがいなく　　うれいもなし
よりたのむ　　　われらに
げに主は　　　　よりたのみて
したごう者を　　めぐみたまわん"
518,3,"さいだんにゆき　みもこころも
ささぐると　　　どうじに
よろこびをば　　みたしたまわん
よりたのむ　　　われらに
げに主は　　　　よりたのみて
したごう者を　　めぐみたまわん"
518,4,"いかにきよき　　まじわりぞや
さまたぐる　　　ものなし
ひるもよるも　　りんざいあり
よりたのむ　　　われらに
げに主は　　　　よりたのみて
したごう者を　　めぐみたまわん
　　　　　　　
　　　　　　　　　（アーメン）"
523,1,"この世のたびじに　君はわが身を
みちびきたすくる　つよき友なり
しとうイエスよ　　しとうイエスよ
近くましたまえ　　つねにわが身と"
523,2,"楽しみもとむる　　おろかさやめて
ともにになわばや　イエスの十字架を
しとうイエスよ　　しとうイエスよ
近くましたまえ　　つねにわが身と"
523,3,"死かげの谷にも　　荒るる海にも
ともにましまさば　つゆも恐れじ
しとうイエスよ　　しとうイエスよ
近くましたまえ　　つねにわが身と
　　　　　　　　　　　（アーメン）"
539,1,"キリストには　かえられません
世の宝も　また富も
このおかたが　わたしに
かわって死んだ　ゆえです
世の楽しみよされ　世のほまれよゆけ
キリストには　かえられません
世のなにものも"
539,2,"キリストには　かえられません
有名な人になることも
人のほめる　ことばも
この心を　ひきません
世の楽しみよされ　世のほまれよゆけ
キリストには　かえられません
世のなにものも"
539,3,"キリストには　かえられません
いかに美しい　ものも
このおかたで　心の
満たされてある　今は
世の楽しみよされ　世のほまれよゆけ
キリストには　かえられません
世のなにものも
　　　　　　　　　　　　（アーメン）"
547,1,"かたりつげばや　　主なるイェスと
そのみさかえと　　そのめぐみを
わがたましいを　　みたすものは
たになきことを　　さとりえたり
かたりつげばや　　よをさるひまで 
かたりつげばや　　イェスのあいを"
547,2,"かたりつげばや　　かたるごとに
こころみちたり　　たのしさます
このすくいぬし　　しらぬものに
われよびかけて　　あかしせばや
かたりつげばや　　よをさるひまで 
かたりつげばや　　イェスのあいを"
547,3,"かたりつげばや　　みよちまたは
うえかわきたる　　ひとにみてり
こはげにふるき　　おしえなれど
ひびあたらしき　　うたとぞなる
かたりつげばや　　よをさるひまで 
かたりつげばや　　イェスのあいを
　　　　　　　　　　　　（アーメン）　"
551,1,"ゆきてつげよあまねく
いずこのたみにも
こころをばかえて
あらたにせよと　あらたにせよと
くらきやみもしばし
ぎのひなるイェスの
かがやきよをてらす　あしたはちかし"
551,2,"うたえひとのこころを
もたげてイェスにと
ゆかしむるうたを
うれしきこえに　うれしきこえに
くらきやみもしばし
ぎのひなるイェスの
かがやきよをてらす　あしたはちかし"
551,3,"かたれひとをつみより
ほろびのなかより
すくわんがために
くだりしイェスを　くだりしイェスを
くらきやみもしばし
ぎのひなるイェスの
かがやきよをてらす　あしたはちかし"
551,4,"しめせすくいのきみを
くるしみたまいし
このイェスのほかに
すくいはあらじ　すくいはあらじ
くらきやみもしばし
ぎのひなるイェスの
かがやきよをてらす　あしたはちかし
　　　　　　　　　　　　　（アーメン）"
562,1,"主よわがそばをば　すぎゆかず
ながめをばわれに　むけたまえ
主よ主よ　　　　　ききたまえ
せつによびまつる　わがこえに"
562,2,"ながまえにありて　つみくゆる
われにみこえをば　かけたまえ
主よ主よ　　　　　ききたまえ
せつによびまつる　わがこえに"
562,3,"きよきいさおしを　たのみとす
われにあたえませ　ながあいを
主よ主よ　　　　　ききたまえ
せつによびまつる　わがこえに"
562,4,"主はわがいのちぞ　なぐさめぞ
たにはたのむべき　かみあらじ
主よ主よ　　　　　ききたまえ
せつによびまつる　わがこえに
　　　　　　　　　（アーメン）"
567,1,"このみをきよくし　たたすイエスの
みめぐみの　ふかさはかりがたし
血しおの ながれに いまこそとびこまん
ながれは ただちに われをきよくなさん"
567,2,"けがれしせいしつは　死してあらず
あたらしきものぞ　つくられたる
血しおの ながれに いまこそとびこまん
ながれは ただちに われをきよくなさん"
567,3,"キリストわがみの　うちにまして
この世と罪とに　勝たせたまわん
血しおの ながれに いまこそとびこまん
ながれは ただちに われをきよくなさん"
567,4,"けがれしわれさえ　きよむる主の　
みめぐみのふかさ　たたえうたわん
血しおの ながれに いまこそとびこまん
ながれは ただちに われをきよくなさん"
570,1,もゆるみたまよここにきたりてわれにさかえをあおがせたまえみたまのかみよここにきたりてくしきみわざをおこないたまえひをひをひをまつわれに
570,2,さいだんのうえにこのみもたまもよきもあしきもことごとささぐみたまのかみよここにきたりてくしきみわざをおこないたまえひをひをひをまつわれに
570,3,すべてをささげむなしきわれにみなのためいまみちさせたまえみたまのかみよここにきたりてくしきみわざをおこないたまえひをひをひをまつわれに
570,4,あがないませるたまものをいましんこうのてもてまよわずにぎらんみたまのかみはここにきたりてくしきみわざをなさせたまえりひをひをひをしんじてまちしに
579,1,"きたれなれを　きよむればと
のたもうみこえに　ききしたがわん

主よわれは　いまぞゆく
十字架の血にて　きよめたまえ"
579,2,"ゆくわがみの　けがれとつみ
すこしものこさず　あらいたまえ

主よわれは　いまぞゆく
十字架の血にて　きよめたまえ"
579,3,"まねくイエスは　信仰と愛と
のぞみと平和を　あたえたまわん

主よわれは　いまぞゆく
十字架の血にて　きよめたまえ"
579,4,"すくいぬしは　みめぐみもて
よせきたるつみに　かたせたまわん

主よわれは　いまぞゆく
十字架の血にて　きよめたまえ"
579,5,"すくわれしは　みことなりと
こころにあかしを　あたえたまえ

主よわれは　いまぞゆく
十字架の血にて　きよめたまえ"
579,6,"さんびせよ主の　血とめぐみを
さんびせよ力と　義にます主を

主よわれは　いまぞゆく
十字架の血にて　きよめたまえ"
604,1,"あめをふりそそぎ　めぐみたもうと
かみはあいをもて　ちかいたまえり
ゆうだちのごと　　あまつめぐみを
イェスよいまここに
そそぎたまえや"
604,2,"あめをふりそそぎ　つよきおともて
ねむるたみのめを　さましたまえや
ゆうだちのごと　　あまつめぐみを
イェスよいまここに
そそぎたまえや"
604,3,"あめをふりそそぎ　かみのことばの
かわりなきことを　しめしたまえや
ゆうだちのごと　　あまつめぐみを
イェスよいまここに
そそぎたまえや"
604,4,"あめをふりそそぎ　ひとりびとりに
くしきながわざを　みさせまたえや
ゆうだちのごと　　あまつめぐみを
イェスよいまここに
そそぎたまえや"
608,1,"めぐみふかきみかみよ 
むかしありしごとく
われらひとりびとりを 
今日もみたしたまえ
主よあまつみたまを　 
今日もくだしたまえ
ここにあまつほのおを 
今日ももやしたまえ"
608,2,"罪と欲はさながら　　 
火にてやくるごとく
焼きてまたくほろぼし 
今日もきよめたまえ
主よあまつみたまを　 
今日もくだしたまえ
ここにあまつほのおを 
今日ももやしたまえ"
608,3,"にえとなりて救いの　 
道をひらきませる
救い主をさやかに　　 
今日もしめしたまえ
主よあまつみたまを　 
今日もくだしたまえ
ここにあまつほのおを 
今日ももやしたまえ"
608,4,"きみの深きめぐみを　 
語りつぐるために
神によれる自由を　　 
今日もあたえたまえ
主よあまつみたまを　 
今日もくだしたまえ
ここにあまつほのおを 
今日ももやしたまえ　（アーメン）"
610,1,"いずこにある島々にも　　
いずこに住む人々にも
よろこばしくのべ伝えよ　聖霊きたれり
聖霊きたれり　聖霊きたれり
あまくだりし　なぐさめぬし
地の果てまで　のべ伝えよ
聖霊きたれり"
610,2,"暗きよるはあけはなたれ　 
なげく声もいまはやみて
目にいるものみなかがやく 聖霊きたれり
聖霊きたれり　聖霊きたれり
あまくだりし　なぐさめぬし
地の果てまで　のべ伝えよ
聖霊きたれり"
610,3,"きみのきみにときはなたれ　
自由なる身とせられしもの
かちのうたを高くあげよ　聖霊きたれり
聖霊きたれり　聖霊きたれり
あまくだりし　なぐさめぬし
地の果てまで　のべ伝えよ
聖霊きたれり"
610,4,"いともふかきあいとめぐみ
いざまよえるつみびとらに
かたりつげてかみのことせん　聖霊きたれり
聖霊きたれり　聖霊きたれり
あまくだりし　なぐさめぬし
地の果てまで　のべ伝えよ
聖霊きたれり"
610,5,"みつかいらも神の民も　　　
無限の愛をほめたたえて
天にひびかせ地にみたせよ　聖霊きたれり
聖霊きたれり　聖霊きたれり
あまくだりし　なぐさめぬし
地の果てまで　のべ伝えよ
聖霊きたれり
　　　　　　　　　　　　（アーメン）"
611,1,"主よながちかいの　みたまのかみを
まちのぞむわれに　つかわしたまえ
みたしたまえ　　　あまつみたまを
主よいまもとむる　このたましいに"
611,2,"めぐみのいずみよ　かわけるわれを
みたまのながれに　よくさせたまえ
みたしたまえ　　　あまつみたまを
主よいまもとむる　このたましいに"
611,3,"ちからのもとなる　みたまによりて
かよわきこのみを　つよくしたまえ
みたしたまえ　　　あまつみたまを
主よいまもとむる　このたましいに"
611,4,"ひえたるこころを　もえあがらする
あめなるほのおを　のぞませたまえ
みたしたまえ　　　あまつみたまを
主よいまもとむる　このたましいに"
611,5,"主のいさおにより　くだるみたまは
われをもみたすと　いまこそしんぜめ
みたしたまえ　　　あまつみたまを
主よいまもとむる　このたましいに"
617,1,"したいまつる主の　　みまねきあるいま
十字架にないゆかん　愛する主のあとを
いずくまでもゆかん　いずくまでもゆかん
いずくまでもゆかん　愛する主のあとを"
617,2,"ちしおまじる汗　　　　流しいのる主の
ゲッセマネにもゆかん　愛する主のあとを
いずくまでもゆかん　　いずくまでもゆかん
いずくまでもゆかん　　愛する主のあとを"
617,3,"うたれののしられ　　はずかしめうくる
ひとまえにもゆかん　愛する主のあとを
いずくまでもゆかん　いずくまでもゆかん
いずくまでもゆかん　愛する主のあとを"
617,4,"きみのみめぐみに　　ひたりし我が身は
さかえ望みゆかん　　愛する主のあとを
いずくまでもゆかん　いずくまでもゆかん
いずくまでもゆかん　愛する主のあとを
　　　　　　　　　　　　　（アーメン）"
618,1,"かみのみこにます　　イェスのために
つみをてきとして　　立つはたれぞ
すべてをすてて　　　したがいまつらん
わがすべてにます　　王なる主イェスよ"
618,2,"とみのたのしみと　　地のくらいに
めもくれずイェスに　つくはたれぞ
すべてをすてて　　　したがいまつらん
わがすべてにます　　王なる主イェスよ"
618,3,"つみにとらわれし　　たましいをば
イェスにつれきたる　勇士はたれぞ
すべてをすてて　　　したがいまつらん
わがすべてにます　　王なる主イェスよ　"
618,4,"わがもてるものは　　主よながもの
きよきみいくさに　　もちいたまえ
すべてをすてて　　　したがいまつらん
わがすべてにます　　王なる主イェスよ
　　　　　　　　　　　　　（アーメン）"
621,1,"このみの生くるは　このみを愛して
十字架にみうせし　主のためなり
ことごと御前に　　ささぐるこのみを
うけいれたまえや　主なるイェスよ"
621,2,"たからもほまれも　いかでかおしからん
十字架にみうせし　主のためには
ことごと御前に　　ささぐるこのみを
うけいれたまえや　主なるイェスよ"
621,3,"このみに自由を　　あとうるためなり
十字架にかかりて　主の死にしは
ことごと御前に　　ささぐるこのみを
うけいれたまえや　主なるイェスよ
　　　　　　　　　　　　（アーメン）"
624,1,"信仰与えらえれ　献身しました
ゲツセマネの主よ　カルバリの主よ
主のみ手のうちにあれば
わたしにもできます
どうぞつかってくださいませ
主のそばでいつまでも"
624,2,"感謝して受けよう主の十字架を
主は天の国に入れてくださる
主のみ手のうちにあれば
わたしにもできます
どうぞつかってくださいませ
主のそばでいつまでも"
624,3,"死のかげの谷もおそろしくない
私の命は神のてにある
主のみ手のうちにあれば
わたしにもできます
どうぞつかってくださいませ
主のそばでいつまでも"
624,4,"だいじょうぶかとしゅは優しく見てる
私の決意にかわりありません
主のみ手のうちにあれば
わたしにもできます
どうぞつかってくださいませ
主のそばでいつまでも"
626,1,"主とともにあゆむ　そのたのしさよ
主のふみたまいし　みあとをたどる
ひとあしひとあし　主にすがりて
たえずたえず　　　われはすすまん"
626,2,"あかごにひとしき　かよわきわれは
ただ主にすがりて　いのちにあゆまん
ひとあしひとあし　主にすがりて
たえずたえず　　　われはすすまん"
626,3,"はなさくのはらも　ちにそむたにも
みちびかるるまま　主とともにゆかん
ひとあしひとあし　主にすがりて
たえずたえず　　　われはすすまん"
626,4,"エノクのごとくに　　われをもうえに
うつさせたもうまで　ひび主とあゆまん
ひとあしひとあし　　主にすがりて
たえずたえず　　　　われはすすまん
　　　　　　　
　　　　　　　　　　　　（アーメン）"
627,1,"めぐみの高きね　  日々わがめあてに
祈りつ歌いつ　　  我はのぼりゆかん
ひかりときよきと  平和にみちたる
めぐみの高きね　  我にふましめよ"
627,2,"おそれのある地に  などかはとどまらん
ぎわくの雲をば　　早くしたにふまん
ひかりときよきと  平和にみちたる
めぐみの高きね　  我にふましめよ"
627,3,"さぎりのかなたに　あまつ日かがやく
うきよをあとにし　なおものぼりゆかん
ひかりときよきと  平和にみちたる
めぐみの高きね　  我にふましめよ"
627,4,"けわしき坂をも　　すぐなる岩をも
みたすけある身は　ついにのぼりきらん
ひかりときよきと  平和にみちたる
めぐみの高きね　  我にふましめよ

　　　　　　　　　　　（アーメン）"
628,1,"すくいぬしイェスと　ともにゆくみは
とぼしきことなく　　おそれもあらじ
イェスはやすきもて　こころたらわせ
ものごとすべてを　　よきになしたもう
ものごとすべてを　　よきになしたもう"
628,2,"さかみちにつよき　みてをさしのべ
こころみのときは　めぐみをたもう
よわきわがたまの　かわくおりしも
めのまえのいわは　さけてみずわく
めのまえのいわは　さけてみずわく"
628,3,"いかにみちみてる　　めぐみなるかや
やくそくしませる　　いえにかえらば
わがたまはうたわん　ちからのかぎり
きみにまもられて　　きょうまできぬと
きみにまもられて　　きょうまできぬと

　　　　　　　　　　　　（アーメン）"
629,1,"「おそれなくちかよれ」と主はかたりたもう
しんこうのてのばしつつちかづきまつらん
いよいよながそばにわれをひきよせ
いよいよ主よながあいのひろさしらせよ"
629,2,"このみをばほうしへといまささぐれば
きみがむねひとすじになさしえたまえ
いよいよながそばにわれをひきよせ
いよいよ主よながあいのひろさしらせよ"
629,3,"みまえにてすごしうるわがよろこびよ
へだてなきとものごとあつかいたもう
いよいよながそばにわれをひきよせ
いよいよ主よながあいのひろさしらせよ"
629,4,"みめぐみのふかきことついにさとりえん
このよにてよろこびをきわめえずとも
いよいよながそばにわれをひきよせ
いよいよ主よながあいのひろさしらせよ"
634,1,"山ゆくも海ゆくも　みひかりをあゆまば
「みすてじ」とのたまえる　
約束はかわらじ
さかえもて
みひかりはわがうちにみなぎる
ハレルヤ
イェスきみをたたえつつゆかまし"
634,2,"闇夜にも嵐にも　みうしのうことなき
みひかりはイェスご自身
恐れ迷うことなし
さかえもて
みひかりはわがうちにみなぎる
ハレルヤ
イェスきみをたたえつつゆかまし"
634,3,"みひかりの照る道を　あまつやを目当てに
喜びに満たされて
歌いつつゆかまし
さかえもて
みひかりはわがうちにみなぎる
ハレルヤ
イェスきみをたたえつつゆかまし
　　　　　　　　　　　　　　
　　　　　　　　　　（アーメン）"
637,1,"イェスよわがみを　みもとにひきよせて
ながちのなかに　　かわらずおきたまえ
したい　まつる　　イエスよ　このみを
まいにちまいじ　　みもとにひきたまえ"
637,2,"くものごとくに　このよはかわるとも
つゆかわらじと　みまえにちかわせよ
したい　まつる　イエスよ　このみを
まいにちまいじ　みもとにひきたまえ"
637,3,"さらになれをば　したわせたまえしゅよ
あまつわがやの　かどにてあわんひまで
したい　まつる　イェスよ　このみを
まいにちまいじ　みもとにひきたまえ
　　　　　　　　　　　　　
　　　　　　　　　　　　　（アーメン）"
651,1,"つみとがをにのう　　ともなるイエスに
うちあけうるとは　　いかなるさちぞ
やすきのなきもの　　なやみおうもの
ともなるイエスをば　おとずれよかし"
651,2,"こころみのあした　なきあかすよる
きおちせずすべて　うちあけまつれ
われらのよわきを　しれるきみのみ
われらのなみだの　もとをよみたもう"
651,3,"きづかれせしもの　おもにおうもの
かくれがなる主に　すがれただちに
ながともはわらい　はくがいすとも
主はなれをいだき　なぐさめたまわん
　　　　　　　　　　　（アーメン）"
653,1,"イェスはわがいのち　またよろこび
すべてのすべてぞ　　われにとりて
かなしめるときは　　なぐさめはげます
よにただひとりの　　ともぞ"
653,2,"イェスは火のごとき　こころみにも
かたせてめぐみを　　さらにたもう
ひびなすわざをば　しゅくしてみのりを
ゆたかになしたもう　ともぞ"
653,3,"イェスはかくわれに　まことなるを
わすれまつるひの　　などあるべき
みむねをかしこみ　　みわざをはげみて
ひもよもしたがい　　つかえん"
653,4,"イェスはたれよりも　まさるともぞ
よにいくるかぎり　　われはたよらん
よをさりてのちも　　とこしなえまでも
かわらぬあいもて　　たよらん

　　　　　　　　　　　（アーメン）　"
658,1,"むしにもひとしき　もののために
主はかくもむごき　めにあいしか"
658,2,"このみのとがゆえ　十字架につく
ああそはいかなる　あいぞあいぞ"
658,3,"みかみのひとりご　しぬるをみて
てるひもかくれぬ　くものなかに"
658,4,"はじいるこのみを　いかにかくさん
なみだにこころも　目もとけゆく"
658,5,"めぐみにむくゆる　すべをしらず
すべてをなげだし　ただひれふす"
672,1,"いつ主はきたりたもうや　
たれも知らねば
われらはたえずめさめ
まもるべきなり
こころもおもいも身も　
みなきよめられ
主の日をのぞむものは
いとうるわしきかな"
672,2,"このままわれらこよい
主にめされなば
おそれもなくみまえに
立つをうべきか
こころもおもいも身も
みなきよめられ
主の日をのぞむものは
いとうるわしきかな"
672,3,"みたまをうけしものら 
こころをあわせ
よきわざはげみあいて 
主をまちのぞまん
こころもおもいも身も 
みなきよめられ
主の日をのぞむものは 
いとうるわしきかな"
672,4,"われゆかんすみやかにと　
やくしたまえる
主よ主よはやくきませ　
ハレルヤアーメン
こころもおもいも身も　
みなきよめられ
主の日をのぞむものは　
いとうるわしきかな　（アーメン）"
